"SEXO","ESTCIV","NIVEL_ED","ESTADO"
"varon","casado","secundario","ocupado"
"varon","casado","primario","inactivo"
"varon","soltero","superior","ocupado"
"varon","casado","primario","ocupado"
"varon","casado","secundario","inactivo"
"varon","viudo","primario","inactivo"
"mujer","separado","primario","ocupado"
"mujer","casado","primario","inactivo"
"varon","casado","primario","inactivo"
"mujer","viudo","primario","inactivo"
"varon","casado","primario","desocupado"
"varon","casado","primario","inactivo"
"mujer","soltero","secundario","ocupado"
"mujer","viudo","primario","inactivo"
"mujer","viudo","primario","ocupado"
"varon","casado","secundario","ocupado"
"varon","casado","secundario","ocupado"
"mujer","separado","primario","ocupado"
"varon","casado","superior","ocupado"
"varon","casado","superior","ocupado"
"varon","casado","superior","inactivo"
"mujer","separado","primario","inactivo"
"varon","casado","superior","ocupado"
"varon","casado","secundario","inactivo"
"varon","viudo","primario","inactivo"
"mujer","viudo","primario","ocupado"
"varon","casado","superior","ocupado"
"varon","casado","secundario","ocupado"
"mujer","soltero","superior","ocupado"
"mujer","soltero","primario","desocupado"
"mujer","viudo","primario","inactivo"
"varon","unido","superior","inactivo"
"mujer","soltero","secundario","ocupado"
"varon","viudo","primario","inactivo"
"varon","separado","secundario","desocupado"
"varon","soltero","superior","ocupado"
"varon","casado","secundario","ocupado"
"varon","casado","primario","inactivo"
"mujer","casado","primario","inactivo"
"mujer","separado","secundario","ocupado"
"varon","viudo","primario","inactivo"
"varon","casado","superior","ocupado"
"mujer","soltero","primario","ocupado"
"varon","casado","secundario","ocupado"
"varon","viudo","primario","inactivo"
"varon","casado","primario","ocupado"
"varon","casado","secundario","ocupado"
"varon","unido","secundario","ocupado"
"varon","casado","primario","ocupado"
"varon","casado","primario","desocupado"
"varon","casado","superior","inactivo"
"mujer","viudo","primario","inactivo"
"varon","casado","secundario","ocupado"
"varon","casado","superior","ocupado"
"varon","casado","superior","inactivo"
"mujer","separado","secundario","ocupado"
"varon","casado","primario","ocupado"
"varon","casado","superior","inactivo"
"varon","casado","primario","ocupado"
"mujer","unido","superior","inactivo"
"mujer","viudo","primario","ocupado"
"varon","casado","primario","ocupado"
"varon","separado","secundario","ocupado"
"varon","casado","superior","ocupado"
"varon","casado","primario","ocupado"
"mujer","separado","superior","ocupado"
"varon","soltero","superior","ocupado"
"varon","viudo","secundario","desocupado"
"varon","casado","primario","inactivo"
"varon","casado","superior","inactivo"
"varon","casado","primario","inactivo"
"mujer","viudo","primario","inactivo"
"varon","casado","primario","ocupado"
"varon","soltero","superior","ocupado"
"varon","casado","secundario","ocupado"
"varon","separado","superior","ocupado"
"mujer","soltero","primario","ocupado"
"varon","casado","primario","inactivo"
"mujer","viudo","primario","inactivo"
"varon","unido","superior","ocupado"
"mujer","viudo","superior","ocupado"
"mujer","soltero","secundario","inactivo"
"mujer","separado","secundario","ocupado"
"varon","casado","primario","ocupado"
"mujer","viudo","primario","inactivo"
"mujer","viudo","secundario","ocupado"
"mujer","viudo","primario","inactivo"
"varon","casado","secundario","ocupado"
"varon","casado","secundario","ocupado"
"mujer","separado","superior","ocupado"
"varon","casado","primario","inactivo"
"varon","casado","superior","ocupado"
"varon","casado","secundario","ocupado"
"mujer","viudo","primario","inactivo"
"varon","casado","superior","ocupado"
"varon","casado","superior","ocupado"
"mujer","separado","superior","ocupado"
"mujer","separado","superior","inactivo"
"mujer","casado","primario","inactivo"
"mujer","viudo","primario","inactivo"
"mujer","separado","superior","ocupado"
"mujer","viudo","primario","inactivo"
"varon","casado","secundario","ocupado"
"varon","casado","superior","ocupado"
"mujer","unido","primario","inactivo"
"varon","unido","primario","ocupado"
"varon","casado","primario","ocupado"
"varon","casado","superior","ocupado"
"mujer","separado","superior","ocupado"
"mujer","soltero","superior","ocupado"
"mujer","separado","primario","ocupado"
"mujer","soltero","primario","desocupado"
"varon","casado","secundario","inactivo"
"mujer","unido","primario","inactivo"
"mujer","separado","secundario","ocupado"
"varon","casado","secundario","ocupado"
"varon","casado","secundario","inactivo"
"varon","unido","secundario","desocupado"
"mujer","separado","secundario","ocupado"
"mujer","viudo","superior","ocupado"
"mujer","casado","primario","inactivo"
"mujer","casado","superior","ocupado"
"varon","casado","superior","ocupado"
"varon","casado","primario","ocupado"
"varon","casado","secundario","ocupado"
"varon","casado","primario","inactivo"
"varon","casado","secundario","ocupado"
"varon","casado","primario","ocupado"
"mujer","separado","secundario","desocupado"
"varon","separado","superior","ocupado"
"varon","casado","secundario","ocupado"
"mujer","separado","secundario","ocupado"
"varon","separado","secundario","ocupado"
"varon","soltero","superior","ocupado"
"varon","casado","superior","ocupado"
"varon","casado","superior","ocupado"
"varon","unido","primario","ocupado"
"varon","unido","secundario","ocupado"
"varon","unido","primario","desocupado"
"varon","unido","primario","ocupado"
"varon","casado","primario","inactivo"
"mujer","soltero","secundario","ocupado"
"mujer","viudo","primario","inactivo"
"varon","casado","secundario","ocupado"
"varon","casado","secundario","ocupado"
"mujer","separado","primario","desocupado"
"mujer","casado","secundario","ocupado"
"mujer","viudo","superior","ocupado"
"mujer","viudo","primario","inactivo"
"mujer","soltero","secundario","ocupado"
"varon","unido","secundario","ocupado"
"varon","casado","primario","desocupado"
"varon","unido","superior","ocupado"
"varon","casado","secundario","inactivo"
"varon","casado","superior","ocupado"
"varon","casado","primario","ocupado"
"varon","casado","secundario","ocupado"
"varon","unido","primario","ocupado"
"varon","casado","secundario","ocupado"
"mujer","viudo","primario","inactivo"
"mujer","separado","secundario","inactivo"
"varon","unido","primario","inactivo"
"varon","casado","primario","inactivo"
"mujer","viudo","primario","inactivo"
"varon","casado","primario","inactivo"
"varon","casado","superior","ocupado"
"mujer","viudo","primario","inactivo"
"varon","separado","primario","inactivo"
"varon","unido","primario","ocupado"
"mujer","separado","secundario","ocupado"
"mujer","separado","secundario","inactivo"
"varon","casado","primario","ocupado"
"varon","casado","secundario","ocupado"
"varon","casado","superior","ocupado"
"varon","unido","primario","inactivo"
"varon","casado","secundario","ocupado"
"varon","casado","secundario","inactivo"
"varon","casado","superior","ocupado"
"mujer","soltero","secundario","ocupado"
"mujer","viudo","secundario","ocupado"
"varon","casado","superior","ocupado"
"mujer","viudo","primario","inactivo"
"varon","casado","secundario","ocupado"
"mujer","soltero","superior","ocupado"
"varon","viudo","primario","inactivo"
"mujer","viudo","primario","inactivo"
"varon","casado","primario","ocupado"
"varon","separado","secundario","inactivo"
"varon","separado","primario","ocupado"
"varon","casado","primario","inactivo"
"varon","casado","superior","ocupado"
"varon","casado","secundario","ocupado"
"varon","casado","superior","ocupado"
"varon","casado","secundario","inactivo"
"varon","casado","secundario","ocupado"
"varon","unido","secundario","ocupado"
"varon","casado","superior","ocupado"
"varon","casado","secundario","ocupado"
"mujer","casado","secundario","ocupado"
"varon","casado","primario","inactivo"
"mujer","soltero","superior","ocupado"
"mujer","soltero","superior","inactivo"
"mujer","soltero","superior","ocupado"
"mujer","unido","secundario","ocupado"
"varon","casado","superior","ocupado"
"varon","casado","primario","ocupado"
"varon","unido","superior","desocupado"
"mujer","soltero","superior","inactivo"
"varon","casado","primario","ocupado"
"varon","casado","primario","ocupado"
"varon","casado","primario","ocupado"
"varon","viudo","primario","inactivo"
"varon","soltero","primario","ocupado"
"varon","casado","superior","ocupado"
"mujer","viudo","primario","inactivo"
"varon","casado","primario","ocupado"
"varon","casado","superior","ocupado"
"varon","casado","superior","ocupado"
"mujer","soltero","superior","inactivo"
"varon","casado","secundario","inactivo"
"mujer","separado","primario","ocupado"
"mujer","viudo","primario","inactivo"
"varon","separado","primario","ocupado"
"varon","unido","primario","desocupado"
"mujer","casado","primario","inactivo"
"varon","casado","secundario","inactivo"
"varon","casado","primario","ocupado"
"varon","separado","primario","ocupado"
"mujer","unido","superior","inactivo"
"varon","viudo","primario","inactivo"
"varon","casado","primario","inactivo"
"varon","unido","secundario","ocupado"
"mujer","viudo","primario","inactivo"
"varon","casado","primario","ocupado"
"mujer","unido","primario","ocupado"
"mujer","separado","secundario","ocupado"
"varon","casado","primario","ocupado"
"mujer","unido","primario","ocupado"
"varon","casado","superior","ocupado"
"varon","unido","secundario","ocupado"
"mujer","viudo","primario","inactivo"
"mujer","viudo","superior","inactivo"
"mujer","soltero","superior","ocupado"
"mujer","viudo","primario","ocupado"
"varon","casado","primario","ocupado"
"mujer","separado","superior","ocupado"
"varon","casado","primario","ocupado"
"varon","casado","superior","ocupado"
"varon","casado","primario","ocupado"
"varon","casado","superior","ocupado"
"varon","casado","superior","ocupado"
"varon","casado","primario","ocupado"
"varon","casado","secundario","ocupado"
"varon","unido","primario","ocupado"
"varon","casado","secundario","inactivo"
"mujer","casado","primario","ocupado"
"varon","casado","secundario","ocupado"
"varon","casado","primario","ocupado"
"varon","casado","secundario","ocupado"
"varon","unido","primario","ocupado"
"varon","casado","primario","ocupado"
"varon","separado","primario","ocupado"
"varon","casado","primario","inactivo"
"mujer","soltero","superior","inactivo"
"mujer","unido","primario","desocupado"
"mujer","viudo","primario","inactivo"
"varon","soltero","superior","ocupado"
"mujer","soltero","secundario","ocupado"
"mujer","soltero","superior","inactivo"
"mujer","soltero","superior","inactivo"
"varon","casado","superior","inactivo"
"varon","soltero","superior","inactivo"
"varon","soltero","primario","ocupado"
"mujer","soltero","primario","inactivo"
"varon","casado","secundario","ocupado"
"mujer","soltero","primario","inactivo"
"varon","casado","primario","ocupado"
"varon","casado","secundario","ocupado"
"varon","separado","secundario","ocupado"
"varon","casado","superior","ocupado"
"varon","unido","secundario","ocupado"
"mujer","unido","primario","inactivo"
